-- phpMyAdmin SQL Dump
-- version 4.9.2
-- https://www.phpmyadmin.net/
--
-- Host: 127.0.0.1
-- Generation Time: Jun 16, 2020 at 12:53 PM
-- Server version: 10.4.10-MariaDB
-- PHP Version: 7.3.12

SET SQL_MODE = "NO_AUTO_VALUE_ON_ZERO";
SET AUTOCOMMIT = 0;
START TRANSACTION;
SET time_zone = "+00:00";


/*!40101 SET @OLD_CHARACTER_SET_CLIENT=@@CHARACTER_SET_CLIENT */;
/*!40101 SET @OLD_CHARACTER_SET_RESULTS=@@CHARACTER_SET_RESULTS */;
/*!40101 SET @OLD_COLLATION_CONNECTION=@@COLLATION_CONNECTION */;
/*!40101 SET NAMES utf8mb4 */;

--
-- Database: `rest_api`
--

-- --------------------------------------------------------

--
-- Table structure for table `failed_jobs`
--

CREATE TABLE `failed_jobs` (
  `id` bigint(20) UNSIGNED NOT NULL,
  `connection` text COLLATE utf8mb4_unicode_ci NOT NULL,
  `queue` text COLLATE utf8mb4_unicode_ci NOT NULL,
  `payload` longtext COLLATE utf8mb4_unicode_ci NOT NULL,
  `exception` longtext COLLATE utf8mb4_unicode_ci NOT NULL,
  `failed_at` timestamp NOT NULL DEFAULT current_timestamp()
) ENGINE=InnoDB DEFAULT CHARSET=utf8mb4 COLLATE=utf8mb4_unicode_ci;

-- --------------------------------------------------------

--
-- Table structure for table `migrations`
--

CREATE TABLE `migrations` (
  `id` int(10) UNSIGNED NOT NULL,
  `migration` varchar(255) COLLATE utf8mb4_unicode_ci NOT NULL,
  `batch` int(11) NOT NULL
) ENGINE=InnoDB DEFAULT CHARSET=utf8mb4 COLLATE=utf8mb4_unicode_ci;

--
-- Dumping data for table `migrations`
--

INSERT INTO `migrations` (`id`, `migration`, `batch`) VALUES
(1, '2014_10_12_000000_create_users_table', 1),
(2, '2014_10_12_100000_create_password_resets_table', 1),
(3, '2016_06_01_000001_create_oauth_auth_codes_table', 1),
(4, '2016_06_01_000002_create_oauth_access_tokens_table', 1),
(5, '2016_06_01_000003_create_oauth_refresh_tokens_table', 1),
(6, '2016_06_01_000004_create_oauth_clients_table', 1),
(7, '2016_06_01_000005_create_oauth_personal_access_clients_table', 1),
(8, '2019_08_19_000000_create_failed_jobs_table', 1),
(9, '2020_06_15_164945_services', 1),
(10, '2020_06_15_165419_provider_profiles', 1),
(12, '2020_06_16_041657_provider_services', 2),
(15, '2020_06_16_100509_service_request', 3);

-- --------------------------------------------------------

--
-- Table structure for table `oauth_access_tokens`
--

CREATE TABLE `oauth_access_tokens` (
  `id` varchar(100) COLLATE utf8mb4_unicode_ci NOT NULL,
  `user_id` bigint(20) UNSIGNED DEFAULT NULL,
  `client_id` bigint(20) UNSIGNED NOT NULL,
  `name` varchar(255) COLLATE utf8mb4_unicode_ci DEFAULT NULL,
  `scopes` text COLLATE utf8mb4_unicode_ci DEFAULT NULL,
  `revoked` tinyint(1) NOT NULL,
  `created_at` timestamp NULL DEFAULT NULL,
  `updated_at` timestamp NULL DEFAULT NULL,
  `expires_at` datetime DEFAULT NULL
) ENGINE=InnoDB DEFAULT CHARSET=utf8mb4 COLLATE=utf8mb4_unicode_ci;

--
-- Dumping data for table `oauth_access_tokens`
--

INSERT INTO `oauth_access_tokens` (`id`, `user_id`, `client_id`, `name`, `scopes`, `revoked`, `created_at`, `updated_at`, `expires_at`) VALUES
('0aac28376a9af0c08da499d31ab2cac9fa3a6acc5431f5615030bb2da918136d058d871af778758b', 3, 1, 'MyAccessToken', '[]', 0, '2020-06-16 00:17:29', '2020-06-16 00:17:29', '2021-06-16 05:47:29'),
('4152d602d569bd7cc54b08500f78f8180dfb870d4b6d3ff0abff22c632dc00a17cfd0728ec555299', 3, 1, 'MyAccessToken', '[]', 0, '2020-06-15 23:54:43', '2020-06-15 23:54:43', '2021-06-16 05:24:43'),
('5de834f7b7c5d7754f6447268fcd732311ad5c5d61362febeb3579f73856066be9edd7288d20bb0c', 1, 1, 'MyAccessToken', '[]', 0, '2020-06-16 02:34:43', '2020-06-16 02:34:43', '2021-06-16 08:04:43'),
('7bbc1315bf629b2a3299ea16e4851b4d557e1dcc7a96a1a86ba251ba57c5a66fae59fa1c07b97e1a', 1, 1, 'MyAccessToken', '[]', 0, '2020-06-16 00:03:02', '2020-06-16 00:03:02', '2021-06-16 05:33:02'),
('9a3251e280a7de99c140e9cceb92b68abf6f751c433ce16441cf182e4dfe4cec3158f63b745747af', 1, 1, 'MyAccessToken', '[]', 0, '2020-06-16 05:15:27', '2020-06-16 05:15:27', '2021-06-16 10:45:27'),
('9ad7da201d93d8ae6aa707629f0dc51627b6e825e4ebbf77eeb32280ec9133540948e1c1c818a603', 1, 1, 'MyAccessToken', '[]', 0, '2020-06-16 02:00:42', '2020-06-16 02:00:42', '2021-06-16 07:30:42'),
('b468559af5fc56c68b71084c2408a1b96369583c96f3a9c8e744e7591f738627e16183db971983d5', 4, 1, 'MyAccessToken', '[]', 0, '2020-06-15 23:58:41', '2020-06-15 23:58:41', '2021-06-16 05:28:41'),
('c05386d1145f052bd74c8162eecd7f64c264988079c36363e736b0d72cfdfac5cf7f5d68f4a6fed4', 1, 1, 'MyAccessToken', '[]', 0, '2020-06-16 00:03:08', '2020-06-16 00:03:08', '2021-06-16 05:33:08'),
('d43b42542d3adebb836b7d506e9c7938ad5e5f62284f1abf1887692fda68116af2c9f2d6b52f44da', 4, 1, 'MyAccessToken', '[]', 0, '2020-06-16 00:23:36', '2020-06-16 00:23:36', '2021-06-16 05:53:36'),
('f27c12ae69cf7616d33c8efe1b24e6e7813b2cc42cb5e07166c1503e4a310bf95ef447c6c278fed0', 3, 1, 'MyAccessToken', '[]', 0, '2020-06-16 03:51:57', '2020-06-16 03:51:57', '2021-06-16 09:21:57');

-- --------------------------------------------------------

--
-- Table structure for table `oauth_auth_codes`
--

CREATE TABLE `oauth_auth_codes` (
  `id` varchar(100) COLLATE utf8mb4_unicode_ci NOT NULL,
  `user_id` bigint(20) UNSIGNED NOT NULL,
  `client_id` bigint(20) UNSIGNED NOT NULL,
  `scopes` text COLLATE utf8mb4_unicode_ci DEFAULT NULL,
  `revoked` tinyint(1) NOT NULL,
  `expires_at` datetime DEFAULT NULL
) ENGINE=InnoDB DEFAULT CHARSET=utf8mb4 COLLATE=utf8mb4_unicode_ci;

-- --------------------------------------------------------

--
-- Table structure for table `oauth_clients`
--

CREATE TABLE `oauth_clients` (
  `id` bigint(20) UNSIGNED NOT NULL,
  `user_id` bigint(20) UNSIGNED DEFAULT NULL,
  `name` varchar(255) COLLATE utf8mb4_unicode_ci NOT NULL,
  `secret` varchar(100) COLLATE utf8mb4_unicode_ci DEFAULT NULL,
  `provider` varchar(255) COLLATE utf8mb4_unicode_ci DEFAULT NULL,
  `redirect` text COLLATE utf8mb4_unicode_ci NOT NULL,
  `personal_access_client` tinyint(1) NOT NULL,
  `password_client` tinyint(1) NOT NULL,
  `revoked` tinyint(1) NOT NULL,
  `created_at` timestamp NULL DEFAULT NULL,
  `updated_at` timestamp NULL DEFAULT NULL
) ENGINE=InnoDB DEFAULT CHARSET=utf8mb4 COLLATE=utf8mb4_unicode_ci;

--
-- Dumping data for table `oauth_clients`
--

INSERT INTO `oauth_clients` (`id`, `user_id`, `name`, `secret`, `provider`, `redirect`, `personal_access_client`, `password_client`, `revoked`, `created_at`, `updated_at`) VALUES
(1, NULL, 'Laravel Personal Access Client', 'Ysivv6cC8sCfXxMJ5k2gq27kNpESvYe8GO8cMxDr', NULL, 'http://localhost', 1, 0, 0, '2020-06-15 23:53:42', '2020-06-15 23:53:42'),
(2, NULL, 'Laravel Password Grant Client', '7waq2wNVLgFQxWf1ZTMeOoKQiBFpfw3WN0596I1z', 'users', 'http://localhost', 0, 1, 0, '2020-06-15 23:53:42', '2020-06-15 23:53:42');

-- --------------------------------------------------------

--
-- Table structure for table `oauth_personal_access_clients`
--

CREATE TABLE `oauth_personal_access_clients` (
  `id` bigint(20) UNSIGNED NOT NULL,
  `client_id` bigint(20) UNSIGNED NOT NULL,
  `created_at` timestamp NULL DEFAULT NULL,
  `updated_at` timestamp NULL DEFAULT NULL
) ENGINE=InnoDB DEFAULT CHARSET=utf8mb4 COLLATE=utf8mb4_unicode_ci;

--
-- Dumping data for table `oauth_personal_access_clients`
--

INSERT INTO `oauth_personal_access_clients` (`id`, `client_id`, `created_at`, `updated_at`) VALUES
(1, 1, '2020-06-15 23:53:42', '2020-06-15 23:53:42');

-- --------------------------------------------------------

--
-- Table structure for table `oauth_refresh_tokens`
--

CREATE TABLE `oauth_refresh_tokens` (
  `id` varchar(100) COLLATE utf8mb4_unicode_ci NOT NULL,
  `access_token_id` varchar(100) COLLATE utf8mb4_unicode_ci NOT NULL,
  `revoked` tinyint(1) NOT NULL,
  `expires_at` datetime DEFAULT NULL
) ENGINE=InnoDB DEFAULT CHARSET=utf8mb4 COLLATE=utf8mb4_unicode_ci;

-- --------------------------------------------------------

--
-- Table structure for table `password_resets`
--

CREATE TABLE `password_resets` (
  `email` varchar(255) COLLATE utf8mb4_unicode_ci NOT NULL,
  `token` varchar(255) COLLATE utf8mb4_unicode_ci NOT NULL,
  `created_at` timestamp NULL DEFAULT NULL
) ENGINE=InnoDB DEFAULT CHARSET=utf8mb4 COLLATE=utf8mb4_unicode_ci;

-- --------------------------------------------------------

--
-- Table structure for table `provider_profiles`
--

CREATE TABLE `provider_profiles` (
  `id` bigint(20) UNSIGNED NOT NULL,
  `user_id_fk` int(11) NOT NULL,
  `name` varchar(255) COLLATE utf8mb4_unicode_ci NOT NULL,
  `description` varchar(255) COLLATE utf8mb4_unicode_ci DEFAULT NULL,
  `latitude` varchar(255) COLLATE utf8mb4_unicode_ci NOT NULL,
  `longitude` varchar(255) COLLATE utf8mb4_unicode_ci NOT NULL,
  `created_at` timestamp NULL DEFAULT NULL,
  `updated_at` timestamp NULL DEFAULT NULL
) ENGINE=InnoDB DEFAULT CHARSET=utf8mb4 COLLATE=utf8mb4_unicode_ci;

--
-- Dumping data for table `provider_profiles`
--

INSERT INTO `provider_profiles` (`id`, `user_id_fk`, `name`, `description`, `latitude`, `longitude`, `created_at`, `updated_at`) VALUES
(1, 4, 'tilak singh provider', NULL, '28.6289206', '77.2065322', '2020-06-16 00:23:36', '2020-06-16 00:23:36');

-- --------------------------------------------------------

--
-- Table structure for table `provider_services`
--

CREATE TABLE `provider_services` (
  `id` bigint(20) UNSIGNED NOT NULL,
  `user_id_fk` int(11) NOT NULL,
  `service_id_fk` int(11) NOT NULL,
  `service` varchar(255) COLLATE utf8mb4_unicode_ci NOT NULL,
  `price` double(8,2) NOT NULL,
  `created_at` timestamp NULL DEFAULT NULL,
  `updated_at` timestamp NULL DEFAULT NULL
) ENGINE=InnoDB DEFAULT CHARSET=utf8mb4 COLLATE=utf8mb4_unicode_ci;

--
-- Dumping data for table `provider_services`
--

INSERT INTO `provider_services` (`id`, `user_id_fk`, `service_id_fk`, `service`, `price`, `created_at`, `updated_at`) VALUES
(1, 1, 1, 'serivce d0Jz4', 46.00, '2020-06-16 03:37:31', '2020-06-16 03:37:31'),
(3, 1, 1, 'serivce d0Jz4', 400.00, '2020-06-16 03:38:19', '2020-06-16 03:38:19'),
(4, 1, 3, 'serivce qvJ4q', 400.00, '2020-06-16 03:38:31', '2020-06-16 03:38:31');

-- --------------------------------------------------------

--
-- Table structure for table `services`
--

CREATE TABLE `services` (
  `id` bigint(20) UNSIGNED NOT NULL,
  `title` varchar(255) COLLATE utf8mb4_unicode_ci NOT NULL,
  `price` varchar(255) COLLATE utf8mb4_unicode_ci NOT NULL,
  `created_at` timestamp NULL DEFAULT NULL,
  `updated_at` timestamp NULL DEFAULT NULL
) ENGINE=InnoDB DEFAULT CHARSET=utf8mb4 COLLATE=utf8mb4_unicode_ci;

--
-- Dumping data for table `services`
--

INSERT INTO `services` (`id`, `title`, `price`, `created_at`, `updated_at`) VALUES
(1, 'serivce d0Jz4', '46', '2020-06-15 23:52:18', '2020-06-15 23:52:18'),
(2, 'serivce kAiBk', '82', '2020-06-15 23:52:18', '2020-06-15 23:52:18'),
(3, 'serivce qvJ4q', '31', '2020-06-15 23:52:18', '2020-06-15 23:52:18'),
(4, 'serivce LyUWR', '86', '2020-06-15 23:52:18', '2020-06-15 23:52:18'),
(5, 'serivce KH1Us', '78', '2020-06-15 23:52:18', '2020-06-15 23:52:18'),
(6, 'serivce xLeyf', '76', '2020-06-15 23:52:18', '2020-06-15 23:52:18'),
(7, 'serivce cF7Gz', '86', '2020-06-15 23:52:18', '2020-06-15 23:52:18'),
(8, 'serivce epr64', '58', '2020-06-15 23:52:18', '2020-06-15 23:52:18'),
(9, 'serivce cNYE5', '81', '2020-06-15 23:52:18', '2020-06-15 23:52:18'),
(10, 'serivce Hvsvg', '21', '2020-06-15 23:52:18', '2020-06-15 23:52:18'),
(11, 'serivce JFMFu', '49', '2020-06-15 23:52:18', '2020-06-15 23:52:18'),
(12, 'serivce wAoeb', '76', '2020-06-15 23:52:18', '2020-06-15 23:52:18'),
(13, 'serivce 6PkEU', '69', '2020-06-15 23:52:18', '2020-06-15 23:52:18'),
(14, 'serivce jrHHC', '47', '2020-06-15 23:52:18', '2020-06-15 23:52:18'),
(15, 'serivce HKcgz', '78', '2020-06-15 23:52:18', '2020-06-15 23:52:18'),
(16, 'serivce 2Izlz', '12', '2020-06-15 23:52:18', '2020-06-15 23:52:18'),
(17, 'serivce qgsOW', '55', '2020-06-15 23:52:18', '2020-06-15 23:52:18'),
(18, 'serivce PcHsw', '62', '2020-06-15 23:52:18', '2020-06-15 23:52:18'),
(19, 'serivce YSBiG', '64', '2020-06-15 23:52:18', '2020-06-15 23:52:18'),
(20, 'serivce b5E8p', '43', '2020-06-15 23:52:18', '2020-06-15 23:52:18');

-- --------------------------------------------------------

--
-- Table structure for table `service_request`
--

CREATE TABLE `service_request` (
  `id` bigint(20) UNSIGNED NOT NULL,
  `user_id_fk` int(11) NOT NULL,
  `service_provider_id` int(11) NOT NULL,
  `status` int(11) NOT NULL DEFAULT 1,
  `created_at` timestamp NULL DEFAULT NULL,
  `updated_at` timestamp NULL DEFAULT NULL
) ENGINE=InnoDB DEFAULT CHARSET=utf8mb4 COLLATE=utf8mb4_unicode_ci;

--
-- Dumping data for table `service_request`
--

INSERT INTO `service_request` (`id`, `user_id_fk`, `service_provider_id`, `status`, `created_at`, `updated_at`) VALUES
(1, 3, 1, 1, '2020-06-16 04:57:03', '2020-06-16 04:57:03');

-- --------------------------------------------------------

--
-- Table structure for table `users`
--

CREATE TABLE `users` (
  `id` bigint(20) UNSIGNED NOT NULL,
  `name` varchar(255) COLLATE utf8mb4_unicode_ci NOT NULL,
  `email` varchar(255) COLLATE utf8mb4_unicode_ci NOT NULL,
  `mobile_number` varchar(10) COLLATE utf8mb4_unicode_ci NOT NULL,
  `latitude` varchar(255) COLLATE utf8mb4_unicode_ci NOT NULL,
  `longitude` varchar(255) COLLATE utf8mb4_unicode_ci NOT NULL,
  `email_verified_at` timestamp NULL DEFAULT NULL,
  `password` varchar(255) COLLATE utf8mb4_unicode_ci NOT NULL,
  `role` int(11) NOT NULL DEFAULT 1,
  `remember_token` varchar(100) COLLATE utf8mb4_unicode_ci DEFAULT NULL,
  `created_at` timestamp NULL DEFAULT NULL,
  `updated_at` timestamp NULL DEFAULT NULL
) ENGINE=InnoDB DEFAULT CHARSET=utf8mb4 COLLATE=utf8mb4_unicode_ci;

--
-- Dumping data for table `users`
--

INSERT INTO `users` (`id`, `name`, `email`, `mobile_number`, `latitude`, `longitude`, `email_verified_at`, `password`, `role`, `remember_token`, `created_at`, `updated_at`) VALUES
(1, 'tilak singh provider', 'tilak@gmail.com', '72836482', '28.5522168', '77.0582222', NULL, '$2y$10$GE3fSaleQ1h/aRvoNzUXtOWVa6J/CJ3fWy1Q0ogAbK6WHeadM7Vo.', 1, NULL, '2020-06-16 00:03:02', '2020-06-16 00:03:02'),
(3, 'tilak singh csutomer', 'tilak1@gmail.com', '7503453964', '28.5522168', '77.0582222', NULL, '$2y$10$x2tKWjeZgtyuVN21cpqiHehikRa1TFcMZI5rYRknf/BU1l11zuegm', 2, NULL, '2020-06-16 00:17:28', '2020-06-16 00:17:28'),
(4, 'tilak singh provider', 'tilak11111@gmail.com', '7503453964', '28.5522168', '77.0582222', NULL, '$2y$10$tJM4CyoBR8Woxbt7NTVE9ugSxgjyimftR6qP1RhSBdzKSux0EDobS', 1, NULL, '2020-06-16 00:23:36', '2020-06-16 00:23:36');

--
-- Indexes for dumped tables
--

--
-- Indexes for table `failed_jobs`
--
ALTER TABLE `failed_jobs`
  ADD PRIMARY KEY (`id`);

--
-- Indexes for table `migrations`
--
ALTER TABLE `migrations`
  ADD PRIMARY KEY (`id`);

--
-- Indexes for table `oauth_access_tokens`
--
ALTER TABLE `oauth_access_tokens`
  ADD PRIMARY KEY (`id`),
  ADD KEY `oauth_access_tokens_user_id_index` (`user_id`);

--
-- Indexes for table `oauth_auth_codes`
--
ALTER TABLE `oauth_auth_codes`
  ADD PRIMARY KEY (`id`),
  ADD KEY `oauth_auth_codes_user_id_index` (`user_id`);

--
-- Indexes for table `oauth_clients`
--
ALTER TABLE `oauth_clients`
  ADD PRIMARY KEY (`id`),
  ADD KEY `oauth_clients_user_id_index` (`user_id`);

--
-- Indexes for table `oauth_personal_access_clients`
--
ALTER TABLE `oauth_personal_access_clients`
  ADD PRIMARY KEY (`id`);

--
-- Indexes for table `oauth_refresh_tokens`
--
ALTER TABLE `oauth_refresh_tokens`
  ADD PRIMARY KEY (`id`);

--
-- Indexes for table `password_resets`
--
ALTER TABLE `password_resets`
  ADD KEY `password_resets_email_index` (`email`);

--
-- Indexes for table `provider_profiles`
--
ALTER TABLE `provider_profiles`
  ADD PRIMARY KEY (`id`);

--
-- Indexes for table `provider_services`
--
ALTER TABLE `provider_services`
  ADD PRIMARY KEY (`id`);

--
-- Indexes for table `services`
--
ALTER TABLE `services`
  ADD PRIMARY KEY (`id`),
  ADD UNIQUE KEY `services_title_unique` (`title`);

--
-- Indexes for table `service_request`
--
ALTER TABLE `service_request`
  ADD PRIMARY KEY (`id`);

--
-- Indexes for table `users`
--
ALTER TABLE `users`
  ADD PRIMARY KEY (`id`),
  ADD UNIQUE KEY `users_email_unique` (`email`);

--
-- AUTO_INCREMENT for dumped tables
--

--
-- AUTO_INCREMENT for table `failed_jobs`
--
ALTER TABLE `failed_jobs`
  MODIFY `id` bigint(20) UNSIGNED NOT NULL AUTO_INCREMENT;

--
-- AUTO_INCREMENT for table `migrations`
--
ALTER TABLE `migrations`
  MODIFY `id` int(10) UNSIGNED NOT NULL AUTO_INCREMENT, AUTO_INCREMENT=16;

--
-- AUTO_INCREMENT for table `oauth_clients`
--
ALTER TABLE `oauth_clients`
  MODIFY `id` bigint(20) UNSIGNED NOT NULL AUTO_INCREMENT, AUTO_INCREMENT=3;

--
-- AUTO_INCREMENT for table `oauth_personal_access_clients`
--
ALTER TABLE `oauth_personal_access_clients`
  MODIFY `id` bigint(20) UNSIGNED NOT NULL AUTO_INCREMENT, AUTO_INCREMENT=2;

--
-- AUTO_INCREMENT for table `provider_profiles`
--
ALTER TABLE `provider_profiles`
  MODIFY `id` bigint(20) UNSIGNED NOT NULL AUTO_INCREMENT, AUTO_INCREMENT=2;

--
-- AUTO_INCREMENT for table `provider_services`
--
ALTER TABLE `provider_services`
  MODIFY `id` bigint(20) UNSIGNED NOT NULL AUTO_INCREMENT, AUTO_INCREMENT=5;

--
-- AUTO_INCREMENT for table `services`
--
ALTER TABLE `services`
  MODIFY `id` bigint(20) UNSIGNED NOT NULL AUTO_INCREMENT, AUTO_INCREMENT=21;

--
-- AUTO_INCREMENT for table `service_request`
--
ALTER TABLE `service_request`
  MODIFY `id` bigint(20) UNSIGNED NOT NULL AUTO_INCREMENT, AUTO_INCREMENT=2;

--
-- AUTO_INCREMENT for table `users`
--
ALTER TABLE `users`
  MODIFY `id` bigint(20) UNSIGNED NOT NULL AUTO_INCREMENT, AUTO_INCREMENT=5;
COMMIT;

/*!40101 SET CHARACTER_SET_CLIENT=@OLD_CHARACTER_SET_CLIENT */;
/*!40101 SET CHARACTER_SET_RESULTS=@OLD_CHARACTER_SET_RESULTS */;
/*!40101 SET COLLATION_CONNECTION=@OLD_COLLATION_CONNECTION */;
